Optima,MaxFitness,Mean
9.76022910252049e-30,64983.530918127144,9.76022910252049e-30
