Optima,MaxFitness,Mean,Std
37296.27242744875,105642.96513227162,52153.106965829415,5164.184528806142
