Optima,Max,MinAverage,StandardDeviation
1.7576676458380436e-30,1.291901517125992,0.0478482043379997,0.24397892760983542
