Optima,Max,MinAverage,StandardDeviation
1.5082524474062724e-06,6.383755225147e-05,1.9011521750586804e-05,1.7828031321508297e-05
