Optima,Max,MinAverage,StandardDeviation
-3.2582886173534633,-3.209631996822661,-3.243482161450006,0.01246491056937625
