Optima,Max,MinAverage,StandardDeviation
1.863811050002416e-27,13521613.35809433,466282.9934060994,2467225.531911579
