Optima,Max,MinAverage,StandardDeviation
1.9002295987119638e-16,5.376377669974357e-13,2.6891389497865345e-13,2.6872387201878226e-13
