Optima,Max,MinAverage,StandardDeviation
7.500000000000007,107.277866935296,11.491114677412318,19.552388929183294
