Optima,Max,MinAverage,StandardDeviation
0.13168778404123893,7.120162846986868,2.4186167370000393,2.239765339094731
