Optima,Max,MinAverage,StandardDeviation
-10426.757527399477,-9179.663965413936,-9946.871788808565,521.2379273307531
